INSERT INTO `users` VALUES ('claraQ','hcnbajhkdbu','Customer'),('fredT','kj5oobu1df','Customer'),('georgeF','nxsiu438','Customer'),('harryW','niblkjhbhy14e','Customer'),('Henry','asdfgh','Customer'),('Intel','asdqwe','Customer'),('janiceL','32ijhnbsah1','Customer'),('larryJ','9u30101ds','Company'),('sherryK','uydsh0ye','Customer'),('tylerQ','hsdah13f','Customer');

INSERT INTO `clients` VALUES (15333159,'Intel','James','1005','R0W 8OT','Canada','Montreal','514-354-8976','Intel','Rue Corpo'),(27091159,'Fred','Terrance','8090','H1T 6TY','Canada','Montreal','514-984-4987','fredT','Rue Jarry'),(28930983,'Clara','Quimbly','6545','H1T 4T8','Canada','Montreal','514-213-7514','claraQ','Rue Bordeaux'),(30787193,'Harry','Waters','1455','Y0L 0L0','Canada','Montreal','514-313-8726','harryW','Rue Hubert'),(32527389,'Janice','Lane','4565','T9Y 0D7','Canada','Montreal','514-684-8974','janiceL','Rue Belanger'),(34215207,'Henry','Nonny','9845','A4S T8Y','Canada','Montreal','514-658-2486','Henry','Rue Trudeau'),(53134120,'Larry','James','6471','B8N 3H9','Canada','Montreal','514-645-1834','larryJ','Rue Mont-Royal'),(54687649,'Sherry','Kelly','8732','Q5T 6Y3','Canada','Montreal','514-451-0130','sherryK','Rue St-Hubert'),(80277389,'George','Foreman','9505','H1T 3E5','Canada','Montreal','514-765-7161','georgeF','Rue Beaubien'),(92080034,'Tyler','Quintin','4546','G9I 0R8','Canada','Montreal','514-787-8954','tylerQ','Rue Belanger');

INSERT INTO `projects` VALUES (16719953,15333159,'In Progress','2017-03-01',NULL,'14 months','Intel Megahouse','House',90390450.95,10.20),(20158728,54687649,'Analysis',NULL,NULL,NULL,'Home Sweet Home','House',225000.00,NULL),(25533447,53134120,'In Progress','2016-04-15',NULL,'17 months','Larrys Castle','House',750000.00,NULL),(38395944,34215207,'Completed','2014-05-05','2014-11-14','6 months','New Home','Condo',250000.00,265000.00),(39560604,27091159,'Analysis',NULL,NULL,'4 months','Casa de Fred','House',NULL,NULL),(45084057,30787193,'Completed','2016-09-05','2017-02-23','5 months','HarryHouse','House',97850.00,102050.00),(48265197,28930983,'Cancelled','1940-08-30','2015-09-12','905 months','The Worst Condo','Condo',27813130.76,99999999.99),(50620108,80277389,'In Progress','2016-09-03',NULL,'10 months','Modern Condo','Condo',350000.00,NULL),(63942632,92080034,'Analysis','2017-06-15',NULL,'7 months','Little House','House',150000.00,NULL),(86125801,32527389,'Completed','2015-06-11','2016-03-14','8 months','Ja Nice House','House',489567.34,498103.75),(98210834,15333159,'Analysis','2016-09-09',NULL,NULL,'Test','Condo',NULL,NULL);

INSERT INTO `phases` VALUES (11941852,38395944,'Closeout','2014-11-13','2014-11-14','1 day',0.00,0.00),(16309815,25533447,'Design','2016-04-15',NULL,'2 months',8000.00,NULL),(16681976,45084057,'Pre-Construction','2016-09-10','2016-09-17','1 week',5000.00,6000.00),(17852339,38395944,'Pre-Construction','2014-06-01','2014-07-07','1 month',30000.00,32000.00),(18454251,48265197,'Design','1940-08-30','1940-09-30','1 month',3130.76,9999.99),(25160818,45084057,'Design','2016-09-05','2016-09-12','1 week',2850.00,3050.00),(29316630,38395944,'Procurement','2014-07-01','2014-08-01','1 month',120000.00,120000.00),(30485547,63942632,'Design','2017-06-15',NULL,'2 weeks',2000.00,NULL),(34831698,86125801,'Design','2015-06-11','2015-07-10','1 month',4000.00,4100.00),(36153240,48265197,'Procurement','1941-01-01','1941-06-01','5 months',7000000.00,9000000.00),(40190444,16719953,'Design','2017-03-01',NULL,'2 months',8000.00,10.20),(44831953,45084057,'Owner Occupancy','2017-02-21','2017-02-22','1 day',1000.00,1000.00),(46442914,86125801,'Closeout','2016-03-13','2016-03-14','1 day',0.00,0.00),(47019077,48265197,'Pre-Construction','1940-09-30','1941-01-01','2 months',810000.00,990000.00),(50511180,38395944,'Owner Occupancy','2014-11-06','2014-11-13','1 week',2000.00,3435.00),(52167241,48265197,'Construction','1941-06-01','2015-09-12','890 months',20000000.00,90000000.00),(56274073,50620108,'Design','2016-09-03','2016-09-24','3 weeks',3500.00,3800.00),(56575022,86125801,'Procurement','2015-07-10','2015-08-07','1 month',225000.34,240000.75),(60875446,20158728,'Design',NULL,NULL,NULL,4000.00,NULL),(63129039,86125801,'Construction','2015-08-10','2016-03-07','7 months',254767.00,249253.00),(63146659,86125801,'Pre-Construction','2015-06-28','2015-07-12','2 weeks',800.00,750.00),(64224301,39560604,'Design',NULL,NULL,NULL,NULL,NULL),(71368629,45084057,'Construction','2016-09-26','2017-02-20','5 months',49000.00,50000.00),(71808535,50620108,'Pre-Construction','2016-09-10','2016-10-01','3 weeks',1000.00,1225.00),(73181940,86125801,'Owner Occupancy','2016-03-07','2016-03-14','1 week',5000.00,4000.00),(75135283,38395944,'Construction','2014-08-01','2014-11-05','3 months',90000.00,100000.00),(81822324,45084057,'Closeout','2017-02-22','2017-02-23','1 day',0.00,0.00),(92390567,50620108,'Procurement','2016-09-28',NULL,'1 month',150000.00,NULL),(92542810,38395944,'Design','2014-05-05','2014-06-06','1 month',8000.00,9565.00),(99245191,45084057,'Procurement','2016-09-12','2016-09-26','2 weeks',40000.00,60000.00);

INSERT INTO `tasks` VALUES (11068110,45084057,71368629,'Pumbling','Completed','2017-01-05','2017-01-26','3 weeks',4880.00,5000.00),(13218678,45084057,16681976,'Assess Environment','Completed','2016-09-13','2016-09-14','1 day',100.00,150.00),(15391353,45084057,16681976,'Assemble Project Team','Completed','2016-09-10','2016-09-17','1 week',2700.00,3100.00),(15391353,45084057,99245191,'Purchase Materials','Completed','2016-09-12','2016-09-26','2 weeks',40000.00,60000.00),(16913689,45084057,71368629,'Excavation','Completed','2016-09-26','2016-10-03','1 week',4850.00,5000.00),(27053060,45084057,25160818,'Final Redesign','Completed','2016-09-10','2016-09-12','2 days',1000.00,1000.00),(29901337,45084057,71368629,'Painting','Completed','2017-02-01','2017-02-13','2 weeks',975.00,1000.00),(33014105,45084057,71368629,'Carpentary','Completed','2016-11-22','2016-12-13','3 weeks',4000.00,4000.00),(49039067,45084057,71368629,'HVAC system','Completed','2016-12-13','2017-01-13','1 month',3790.00,4000.00),(53240748,45084057,44831953,'Signing papers and Handing keys','Completed','2017-02-21','2017-02-22','1 hour',50.00,50.00),(54421494,45084057,71368629,'Foundations','Completed','2016-10-03','2016-10-24','3 weeks',9500.00,10000.00),(58410939,45084057,71368629,'Walls','Completed','2016-10-25','2016-11-08','2 weeks',5500.00,6000.00),(61894041,45084057,25160818,'Floorplan Drawing','Completed','2016-09-06','2016-09-10','4 days',500.00,550.00),(65395410,45084057,16681976,'Site Examination','Completed','2016-09-11','2016-09-16','5 days',2000.00,2500.00),(68798100,45084057,81822324,'Complete project report','Completed','2017-02-22','2017-02-23','1 day',0.00,0.00),(71985356,45084057,25160818,'Structural Design','Completed','2016-09-08','2016-09-11','2 days',100.00,150.00),(72918221,45084057,71368629,'Roof','Completed','2016-11-07','2016-11-21','2 weeks',5200.00,5000.00),(72983216,45084057,44831953,'Quality inspection','Completed','2017-02-21','2017-02-22','1 day',950.00,950.00),(75140387,45084057,16681976,'Soil Testing','Completed','2016-09-12','2016-09-15','3 days',200.00,250.00),(78278318,45084057,71368629,'Windows and doors','Completed','2016-11-14','2016-11-21','1 week',3805.00,3000.00),(79819146,45084057,71368629,'Electricity','Completed','2017-01-05','2017-02-02','1 month',4500.00,5000.00),(80094680,45084057,71368629,'Landscaping','Completed','2017-02-12','2017-02-19','1 week',2000.00,2000.00),(81864451,45084057,25160818,'Architect Meeting','Completed','2016-09-05','2016-09-08','2 days',700.00,800.00),(82293049,45084057,25160818,'Utility Planning','Completed','2016-09-09','2016-09-11','2 days',200.00,200.00),(88695245,45084057,25160818,'Requirements Elicitation','Completed','2016-09-05','2016-09-07','2 days',350.00,350.00);

INSERT INTO `items` VALUES (36935004,'Insulation',800.00,'Isoulate'),(37935170,'Piping',400.00,'Iron Lad'),(54772675,'Ceramic Tiles',200.00,'Tiles R Us'),(57517629,'House Paint',50.00,'Pigment Pete'),(59332923,'Cement',25.00,'Hard Rock'),(67785150,'Wallpaper',75.00,'Furnish Burnish'),(75843065,'Door',300.00,'Hvy-Dty Carpentry'),(78399642,'Wiring',600.00,'Copper Carl'),(79513157,'Windows',600.00,'Whole Glass'),(90314264,'Roof Tiles',100.00,'Tiles R Us'),(94532476,'Wood Flooring',500.00,'Hvy-Dty Carpentry');

INSERT INTO `orders` VALUES (55391066,99245191,45084057,12500.00,'2016-09-12','2016-09-15'),(66469047,99245191,45084057,2100.00,'2016-09-20','2016-09-26'),(68367340,99245191,45084057,14400.00,'2016-09-13','2016-09-19'),(78517429,99245191,45084057,20000.00,'2016-09-14','2016-09-18'),(92275674,99245191,45084057,11000.00,'2016-09-12','2016-09-17');

INSERT INTO `sub_orders` VALUES (28691370,78517429,10000.00,50,54772675),(31248995,66469047,1600.00,16,90314264),(33393085,92275674,600.00,8,67785150),(44642045,55391066,6000.00,10,78399642),(63199296,55391066,2500.00,100,59332923),(66586832,92275674,10400.00,13,36935004),(81611483,66469047,500.00,10,57517629),(92230861,68367340,2400.00,8,75843065),(93805632,55391066,4000.00,10,37935170),(95697445,68367340,12000.00,20,79513157),(98041437,78517429,10000.00,20,94532476);

INSERT INTO `payments` VALUES (12419723,44642045,55391066,3000.00,'2016-09-12'),(12536361,93805632,55391066,2000.00,'2016-09-12'),(18773744,33393085,92275674,600.00,'2016-09-12'),(20301640,98041437,78517429,5000.00,'2016-09-18'),(22444524,92230861,68367340,2400.00,'2016-09-13'),(27473502,44642045,55391066,3000.00,'2016-09-15'),(31507206,66586832,92275674,5200.00,'2016-09-12'),(35041232,28691370,78517429,5000.00,'2016-09-14'),(43342711,66586832,92275674,5200.00,'2016-09-17'),(45577597,31248995,66469047,1600.00,'2016-09-20'),(60686544,28691370,78517429,5000.00,'2016-09-18'),(63973757,63199296,55391066,2500.00,'2016-09-15'),(66469047,95697445,68367340,6000.00,'2016-09-13'),(71447825,95697445,68367340,6000.00,'2016-09-19'),(84496148,98041437,78517429,5000.00,'2016-09-14'),(90806721,93805632,55391066,2000.00,'2016-09-15'),(91563705,81611483,66469047,500.00,'2016-09-20');



